{"cameraMode":{"drawMode":0,"name":"Shaded","section":"Shading Mode"},"sceneLighting":false,"audioPlay":false,"sceneViewState":{"m_AlwaysRefresh":false,"showFog":true,"showSkybox":false,"showFlares":true,"showImageEffects":true,"showParticleSystems":true,"showVisualEffectGraphs":true,"m_FxEnabled":true},"in2DMode":false,"pivot":{"x":3.3048973083496095,"y":-0.8115925788879395,"z":-1.8954105377197266},"rotation":{"x":-0.6168903708457947,"y":-0.008962071500718594,"z":0.00704676378518343,"w":-0.7870085835456848},"size":1.6136913299560547,"orthographic":false}