{"cameraMode":{"drawMode":0,"name":"Shaded","section":"Shading Mode"},"sceneLighting":false,"audioPlay":false,"sceneViewState":{"m_AlwaysRefresh":false,"showFog":true,"showSkybox":false,"showFlares":true,"showImageEffects":true,"showParticleSystems":true,"showVisualEffectGraphs":true,"m_FxEnabled":true},"in2DMode":false,"pivot":{"x":3.2753443717956545,"y":-0.6176897287368774,"z":-1.3600003719329835},"rotation":{"x":-0.18650831282138825,"y":0.04625493288040161,"z":-0.008796927519142628,"w":-0.9813612699508667},"size":1.6625490188598633,"orthographic":false}