{"cameraMode":{"drawMode":0,"name":"Shaded","section":"Shading Mode"},"sceneLighting":false,"audioPlay":false,"sceneViewState":{"m_AlwaysRefresh":false,"showFog":true,"showSkybox":false,"showFlares":true,"showImageEffects":true,"showParticleSystems":true,"showVisualEffectGraphs":true,"m_FxEnabled":true},"in2DMode":false,"pivot":{"x":2.7529892921447756,"y":2.4642410278320314,"z":-1.732769250869751},"rotation":{"x":-0.5472010970115662,"y":-0.025861535221338273,"z":0.0169009268283844,"w":-0.8364633917808533},"size":0.008304641582071782,"orthographic":false}