{"cameraMode":{"drawMode":0,"name":"Shaded","section":"Shading Mode"},"sceneLighting":false,"audioPlay":false,"sceneViewState":{"m_AlwaysRefresh":false,"showFog":true,"showSkybox":false,"showFlares":true,"showImageEffects":true,"showParticleSystems":true,"showVisualEffectGraphs":true,"m_FxEnabled":true},"in2DMode":false,"pivot":{"x":2.532184600830078,"y":3.6398351192474367,"z":0.5113803744316101},"rotation":{"x":0.6772996783256531,"y":0.017670471221208574,"z":-0.016220800578594209,"w":0.7353741526603699},"size":0.01583622768521309,"orthographic":false}