{"cameraMode":{"drawMode":0,"name":"Shaded","section":"Shading Mode"},"sceneLighting":false,"audioPlay":false,"sceneViewState":{"m_AlwaysRefresh":false,"showFog":true,"showSkybox":false,"showFlares":true,"showImageEffects":true,"showParticleSystems":true,"showVisualEffectGraphs":true,"m_FxEnabled":true},"in2DMode":false,"pivot":{"x":2.8065507411956789,"y":5.223034381866455,"z":-0.031077666208148004},"rotation":{"x":0.6019019484519959,"y":0.3726356327533722,"z":-0.3743923306465149,"w":0.5989766120910645},"size":0.014611314050853253,"orthographic":false}