{"cameraMode":{"drawMode":0,"name":"Shaded","section":"Shading Mode"},"sceneLighting":false,"audioPlay":false,"sceneViewState":{"m_AlwaysRefresh":false,"showFog":true,"showSkybox":false,"showFlares":true,"showImageEffects":true,"showParticleSystems":true,"showVisualEffectGraphs":true,"m_FxEnabled":true},"in2DMode":false,"pivot":{"x":2.5305697917938234,"y":3.6402127742767336,"z":0.5034675002098084},"rotation":{"x":-0.08721134811639786,"y":0.759182870388031,"z":-0.6366223096847534,"w":-0.10406457632780075},"size":0.007170649711042643,"orthographic":false}