{"cameraMode":{"drawMode":0,"name":"Shaded","section":"Shading Mode"},"sceneLighting":false,"audioPlay":false,"sceneViewState":{"m_AlwaysRefresh":false,"showFog":true,"showSkybox":false,"showFlares":true,"showImageEffects":true,"showParticleSystems":true,"showVisualEffectGraphs":true,"m_FxEnabled":true},"in2DMode":false,"pivot":{"x":-3.7955617904663088,"y":1.261569857597351,"z":1.7542431354522706},"rotation":{"x":-0.5511744022369385,"y":-0.012000001966953278,"z":0.007961963303387165,"w":-0.834321141242981},"size":0.5898594260215759,"orthographic":false}