{"cameraMode":{"drawMode":0,"name":"Shaded","section":"Shading Mode"},"sceneLighting":true,"audioPlay":false,"sceneViewState":{"m_AlwaysRefresh":false,"showFog":true,"showSkybox":true,"showFlares":true,"showImageEffects":true,"showParticleSystems":true,"showVisualEffectGraphs":true,"m_FxEnabled":true},"in2DMode":false,"pivot":{"x":1.4445459842681885,"y":70.93388366699219,"z":-25.984182357788087},"rotation":{"x":-0.5196172595024109,"y":0.0015044000465422869,"z":-0.0015213427832350135,"w":-0.854573667049408},"size":0.8128800392150879,"orthographic":false}