{"cameraMode":{"drawMode":0,"name":"Shaded","section":"Shading Mode"},"sceneLighting":true,"audioPlay":false,"sceneViewState":{"m_AlwaysRefresh":false,"showFog":true,"showSkybox":true,"showFlares":true,"showImageEffects":true,"showParticleSystems":true,"showVisualEffectGraphs":true,"m_FxEnabled":true},"in2DMode":false,"pivot":{"x":-2.1559102535247804,"y":8.862738609313965,"z":-2.065112590789795},"rotation":{"x":-0.6074780821800232,"y":-0.0007417725282721221,"z":0.0005196540150791407,"w":-0.7944501042366028},"size":0.1597318798303604,"orthographic":false}